-- Ces données sont des jeux de tests --
-- Information de connexions : --
-- o Adhérent : ligne ... --
-- o Responsable Légal : ligne ... --
-- o Resposable du Crib : ligne ... --
-- o Trésorier : ligne ... --

USE fredi;
-- Début données CSV --
INSERT INTO csv (NumLicenceCSV, SexeAdh, NomAdh, PrenomAdh, DateNaissance, Adresse, CodePostal, Ville)
VALUES
("170540010443",	"M",	"BANDILELLA",	"CLEMENT",		"1998-07-26",	"30, rue Widric 1er",			"54600",	"Villers lès Nancy"),
("170540010340",	"F",	"BERBIER",		"LUCILLE",		"1998-03-24",	"12, rue de Marron",			"54600",	"Villers lès Nancy"),
("170540010338",	"M",	"BERBIER",		"THEO",			"1998-03-24",	"12, rue de Marron",			"54600",	"Villers lès Nancy"),
("170540010309",	"M",	"BECKER",		"ROMAIN", 		"1998-03-28",	"1, rue des Mésanges",			"54600",	"Villers lès Nancy"),
("170540010334",	"F",	"BIACQUEL",		"VERONIQUE",	"1962-12-09",	"27, rue de Santifontaine",		"54000",	"Nancy"),
("170540010399",	"F",	"BIDELOT",		"BRIGITTE",		"1958-09-20",	"5, rue des trois épis",		"54600",	"Villers lès Nancy"),
("170540010442",	"F",	"BIDELOT",		"JULIE", 		"1991-11-31",	"5, rue des trois épis",		"54600",	"Villers lès Nancy"),
("170540010308",	"M",	"BILLOT",		"DIDIER",		"1962-09-24",	"6, rue de la Sapinière",		"54600",	"Villers lès Nancy"),
("170540010329",	"F",	"BILLOT",		"CLAIRE",		"1963-06-07",	"6, rue de la Sapinière",		"54600",	"Villers lès Nancy"),
("170540010254",	"F",	"BILLOT",		"MARIANNE",		"1986-09-28",	"6, rue de la Sapinière",		"54600",	"Villers lès Nancy"),
("170540010407",	"M",	"BINNET",		"MARIUS",		"1997-08-21",	"12, rue Edouard Grosjean",		"54520",	"Laxou"),
("170540010444",	"M",	"CALDI",		"THOMAS",		"1998-09-22",	"12, rue de Malzéville",		"54000",	"Nancy"),
("170540010431",	"M",	"CASTEL",		"TIMOTHE",		"1998-06-10",	"26, rue de l'abbé Didelot",	"54600",	"Villers lès Nancy"),
("170540010428",	"M",	"CHEOLLE",		"NICOLAS",		"1983-04-19",	"46, rue de l'abbé Didelot",	"54520",	"Laxou"),
("170540010414",	"M",	"CHERPION",		"UGO",			"1999-09-24",	"63, rue Français",				"54000",	"Nancy"),
("170540010441",	"M",	"CHEVOITINE",	"LOUIS",		"1998-03-29",	"40, rue de la république",		"54320",	"Maxéville"),
("170540010440",	"M",	"CHOUARNO",		"TOM",			"1999-08-02",	"168, avenue de Boufflers",		"54000",	"Nancy"),
("170540010402",	"M",	"COTIN",		"FLORIAN",		"1995-04-15",	"14 route de Toul",				"54113",	"Blenod les toul"),
("170540010351",	"M",	"DEPERRIN",		"ARNAUD",		"1982-12-31",	"40 rue Paul Bert",				"54600",	"Villers lès Nancy"),
("170540010409",	"F",	"DEPRETRE",		"BEATRICE",		"1998-01-27",	"26, rue du petit étang",		"54110",	"Buissoncourt"),
("170540010446",	"M",	"DUCRICK",		"AUGUSTIN",		"1996-12-03",	"31, rue du chanoine Pierron",	"54600",	"Villers lès nancy"),
("170540010395",	"M",	"GARBILLON",	"GILLES",		"1963-07-08",	"31, avenue de Marron",			"54600",	"Villers lès nancy"),
("170540010339",	"M",	"GARBILLON",	"YANN",			"1994-03-21",	"31, avenue de Marron",			"54600",	"Villers lès Nancy"),
("170540010382",	"F",	"HAGENBACH",	"CLEMENTINE",	"1997-11-26",	"19, rue de Lavaux",			"54520",	"Laxou"),
("170540010420",	"F",	"HASFELD",		"AUXANE",		"1999-03-08",	"32, allée de l'observatoire",	"54520",	"Laxou"),
("170540010341",	"F",	"HUMERT",		"ISABELLE",		"1976-06-04",	"4 rue du maréchal Galliéni",	"54600",	"Villers lès Nancy"),
("170540010432",	"M",	"LAFIEGLON",	"CLEMENT",		"2002-11-16",	"62, avenue Paul Déroulède",	"54600",	"Villers lès Nancy"),
("170540010429",	"M",	"LAMOINE",		"GREGOIRE",		"1993-07-23",	"65, rue de la sivrite",		"54600",	"Villers lès Nancy"),
("170540010419",	"M",	"LANIELLE",		"NICOLAS",		"1998-09-02",	"10, rue des orchidées",		"54600",	"Villers les Nancy"),
("170540010401",	"M",	"LIEVIN",		"NATHAN",		"1997-01-24",	"42, rue de la commanderie",	"54840",	"Sexey les bois"),
("170540010439",	"M",	"LOTANG",		"CYPRIEN",		"1999-09-30",	"16, rue de Gerbéviller",		"54000",	"Nancy"),
("170540010364",	"M",	"LUQUE",		"ETIENNE",		"1951-12-26",	"1, rue de Normandie",			"54500",	"Vandoeuvre"),
("170540010353",	"M",	"PERNOT",		"PAUL",			"1996-04-26",	"6, rue Winston Churchill",		"54000",	"Nancy"),
("170540010438",	"M",	"REMILLON",		"ELIOT",		"2001-11-13",	"3, rue de l'Embanie",			"54520",	"Laxou"),
("170540010121",	"M",	"SILBERT",		"GILLES",		"1957-01-03",	"2 , grande rue", 				"54210",	"Azelot"),
("170540010447",	"F",	"SILBERT",		"LEA",			"2000-04-14",	"1, allée du cénacle",			"54520",	"Laxou"),
("170540010405",	"M",	"TORTEMANN",	"PIERRE",		"1997-10-13",	"34, rue de Badonviller",		"54000",	"Nancy"),
("170540010437",	"M",	"ZOECKEL",		"MATHIEU",		"2000-06-02",	"15, rue de la Seille",			"54320",	"Maxéville"),
("170540010418",	"F",	"ZUEL",			"STEPHANIE",	"1970-09-25",	"8, sentier de Saint-Arriant",	"54520",	"Laxou"),
("170540010448",	"M",	"ZUERO",		"THOMAS",		"2000-08-14",	"immeuble Savoie",				"54520",	"Laxou");
-- Fin données CSV --

-- Début données ligue --
INSERT INTO ligue (IdLigue, NomLigue)
VALUES
(1, "Football"),
(2, "Basketball"),
(3, "Volleyball");
-- Fin données ligue --

-- Début données club --
INSERT INTO club (IdClub, NomClub, IdLigue)
VALUES
(1, "Monkeys", 1),
(2, "Bananas", 1),
(3, "Kiwis", 1),
(4, "Elephants", 2),
(5, "Chacals", 2),
(6, "Totems", 2),
(7, "Tigers", 3),
(8, "Sharks", 3),
(9, "Doedicurus", 3);
-- Fin données club --

-- Début données motif --
INSERT INTO motifs (IdMotifs,LibelleMotifs)
VALUES 
(1,"Réunion"),
(2,"Compétition régionale"),
(3,"Compétition nationale"),
(4,"Compétition internationale"),
(5,"Stage");
-- Fin données motif --

-- Début données p_km --
INSERT INTO p_km (Annee,PrixKM)
VALUES 
(2014,0.25),
(2015,0.26),
(2016,0.28),
(2017,0.28),
(2018,0.30);
-- Fin données p_km --

-- Début données reponsable du crib --
INSERT INTO responsable_crib (IdRespCrib, NomRespCrib, PrenomRespCrib, AdresseMail, IdLigue, MDP)
VALUES
(1, "Jacques", "Célert", "jacques.celert@yahoo.fr", 1, "$2a$10$D/n4xF3hmy7mypYpYQr/fuEd1oFuCYOnBRZA0/AF7J9k7Znk1AUoO"),
(2, "Lucie", "Ditée", "lucie.ditee@gmail.com", 2, "$2a$10$iHPVDfG9tQ76W4bfluDSIe4un49HHDjOo8gdMblicjLrRUdLYIQ6m"),
(3, "Sam", "Gratte", "sam.gratte@orange.fr", 3, "$2a$10$F4LXepwApnJcV9M8khLt5.prP6rzCc8U07SUl2khUnsMMxU4A/9Te");
-- MDP : azer1234 --
-- Fin données reponsable du crib --

-- Début données trésorier --
INSERT INTO tresorier (IdTresorier, NomTresorier, PrenomTresorier, AdresseMail, IdClub, MDP)
VALUES
(1, "Barbe", "Paco", "barbe.paco@wanadoo.fr", 2, "$2a$10$gfXV0GCL8QSkMSIkEp1PuOJ/8/aeuP5b9HvBtVYa6O4E/bpFxOIB."),
(2, "Pikaroux", "Bernard", "bernard.pikaroux@gmail.com", 4, "$2a$10$zmz3.574iTMvUx4Q0m9gPe5JqyLCA.VZHUKmd.TneBuSXs4ha1kpy"),
(3, "Ledire", "José", "jose.ledire@orange.fr", 6, "$2a$10$RAO9q15ao6i4tdVAh/09X.4o5ToLTKxkcgSvJjA2GlYKm/M22jig."),
(4, "Mega", "Paul", "mega.paul@yahoo.fr", 8, "$2a$10$7GIxXz08IThe9LJw1SvW7ecvyK5x4gveUcVpbg/33kUs7rrVc/lFO"),
(5, "Emar", "Jean", "jean.emar@hotmail.fr", 1, "$2a$10$L.a4qDjGn2JHblo0OUSz6OHed.KwZO6DvkauhXulo9bOMVdXEmzza"),
(6, "Colick", "Hal", "hal.colick@outlook.fr", 3, "$2a$10$rykrU0OFyxeVVZw0MmvgX.EZnabyxynVvKgHkxuZsrso4M7Jwr2Kq"),
(7, "Démalplacé", "Daisy", "daisy.demalplace@gmail.com", 5, "$2a$10$.3P13sNob/ttp83hRn/xNO5kqT2BnEL1.rFWNL1rS0KbyV8sVJ8QW"),
(8, "Don Marcel", "Eddie", "eddie.donmarcel@wanadoo.fr", 7, "$2a$10$b.HDZl9fatmx4aDbKJ2SS.2UYWnwx65X96IkKljoVBlUeLgMVGo7G"),
(9, "Provist", "Alain", "alain.provist@outlokk.fr", 9, "$2a$10$AdrFpDaNFVq9uiWq5Em9tuSCtwDWFsHEuEkTupBx0KV6.GiegyW76");
-- mot de passe 1234 --
-- Fin données trésorier --

-- Début données responsable légal --
INSERT INTO responsable_legal (idRespLegal, NomRespLegal, PrenomRespLegal, AdresseMail, MDP)
VALUES
(1, "Ateur", "Nordine", "test@resp.com", "$2y$10$SaHbPVMLfFyQH1A1U7Ijiewpl1KarZE1wl7z3.30EV1.CkXcqyVwO");
-- MDP : test --
-- Fin données responsable légal --

-- Début données adhérent --
INSERT INTO adherent (NumLicence, SexeAdh, NomAdh, PrenomAdh, DateNaissance, AdresseMail, Telephone, Adresse, CodePostal, Ville, IdClub, idRespLegal, MDP)
VALUES
(170540010338, "M", "BERBIER", "THEO", "1998-03-24", NULL, NULL, "12, rue de Marron", "54600", "Villers lès Nancy", 4, 1,"$2y$10$SaHbPVMLfFyQH1A1U7Ijiewpl1KarZE1wl7z3.30EV1.CkXcqyVwO"),
(170540010340, "F", "BERBIER", "LUCILLE", "1998-03-24", NULL, NULL, "12, rue de Marron", "54600", "Villers lès Nancy", 4, 1,"$2y$10$Ul4BWyiZ9cWDm0VXMncG1eu9ENBrzJZngbLGF.OqTi/ATuH8980xy"),
(170540010443, "M", "BANDILELLA", "CLEMENT", "1998-07-26", "test@test.com", NULL, "30, rue Widric 1er", "54600", "Villers lès Nancy", 2, NULL,"$2y$10$Lr2/P4zkirHbdF2l10G0AOWfJ22J.u3MooTO2Nwd6Q8oaHz9oubNC");
-- MDP : test --
-- Fin données adhérent --

-- Début données bordereau --
INSERT INTO bordereau (IdBordereau, Annee, AdresseMail, IdTresorier)
VALUES
(1, 2017, "test@test.com", NULL),
(2, 2018, "test@test.com", NULL),
(3, 2018, "test@resp.com", NULL);
-- Fin données bordereau --

-- Début données lignes de frais --
INSERT INTO ligne_de_frais (IdFrais, DateFrais, Trajet, Km, CoutTrajet, CoutPeage, CoutRepas, CoutHebergement, CoutTotal, IdBordereau, IdMotifs)
VALUES
(1, "2017-02-05", "Paris-Toulouse", 500, 100, 20, 50, 35, NULL, 1, 1),
(2, "2017-02-06", "Toulouse-Paris", 500, 100, 20, 50, 0, NULL, 1, 1),
(3, "2017-02-07", "Paris-Nantes", 100, 20, 5, 0, 60, NULL, 1, 1),
(4, "2017-02-08", "Nantes-Marseille", 300, 60, 20, 35, 25, NULL, 1, 1),
(5, "2018-02-05", "Paris-Toulouse", 400, 80, 15, 50, 35, NULL, 2, 1),
(6, "2018-02-05", "Paris-Toulouse", 600, 150, 20, 40, 35, NULL, 3, 1);
-- Fin données lignes de frais --